WDR31,MRPL11,RAF1,DDX20,PSMC1,KIF14,PLK1,RPS24,NEK2,PRKAR1B
0,0,0,0,0,0,0,0,0,0
0,0,0,0,0,0,0,0,0,0
0,0,0,0,0,0,0,0,0,0
0,0,0,0,0,0,0,0,0,0
0,0,0,0,0,0,0,0,0,0
0,0,0,0,0,0,0,0,0,0
0,0,0,0,0,0,0,0,0,0
0,0,0,0,0,0,0,0,0,0
0,0,0,0,0,0,0,0,0,0
0,0,0,0,0,0,0,0,0,0
0,0,0,0,0,0,0,0,0,0
0,0,0,0,0,0,0,0,0,0
0,0,0,0,0,0,0,0,0,0
0,0,0,0,0,0,0,0,0,0
0,0,0,0,0,0,0,0,0,0
0,0,0,0,0,0,0,0,0,0
0,0,0,0,0,0,0,0,0,0
0,0,0,0,0,0,0,0,0,0
0,0,0,0,0,0,0,0,0,0
0,0,0,0,0,0,0,0,0,0
0,0,0,0,0,0,0,0,0,0
0,0,0,0,0,0,0,0,0,0
0,0,0,0,0,0,0,0,0,0
0,0,0,0,0,0,0,0,0,0
0,0,0,0,0,0,0,0,0,0
0,0,0,0,0,0,0,0,0,0
0,0,0,0,0,0,0,0,0,0
0,0,0,0,0,0,0,0,0,0
0,0,0,0,0,0,0,0,2,0
0,0,0,0,0,0,0,0,2,0
0,0,0,0,0,0,0,0,2,0
0,0,0,0,0,0,0,0,2,0
0,0,0,0,0,0,0,0,2,0
0,0,0,0,0,0,0,0,2,0
0,0,0,0,0,0,0,0,2,0
0,0,0,0,0,0,0,0,2,0
0,0,0,0,0,0,0,0,2,0
0,0,0,0,0,0,0,0,2,0
0,0,0,0,0,0,0,0,2,0
0,0,0,0,0,0,0,0,2,0
0,0,0,0,0,0,0,0,2,0
0,0,0,0,0,0,0,0,2,0
0,0,0,0,0,0,0,0,2,0
0,0,0,0,0,0,0,0,2,0
0,0,0,0,0,0,0,0,2,0
0,0,0,0,0,0,0,0,2,0
0,0,0,0,0,0,0,0,2,0
0,0,0,0,0,0,0,0,2,0
0,0,0,0,0,0,0,0,2,0
0,0,0,0,0,0,0,0,2,0
0,0,0,0,0,0,0,0,2,0
0,0,0,0,0,0,0,0,2,0
0,0,0,0,0,0,2,0,2,0
0,0,0,0,0,0,2,0,2,0
0,0,0,0,0,0,2,0,2,0
0,0,0,0,0,0,2,0,2,0
0,0,0,0,0,0,2,0,2,0
0,0,0,0,0,0,2,0,2,0
0,0,0,0,0,0,2,0,2,0
0,0,0,0,0,0,2,0,2,0
0,0,2,0,0,0,2,0,2,0
0,0,2,0,0,0,2,0,2,0
0,0,2,0,0,0,2,0,2,0
0,0,2,0,0,0,2,0,2,0
0,0,2,0,0,0,2,0,3,0
0,0,2,0,0,0,2,0,3,0
0,0,2,0,0,0,3,0,3,0
0,0,2,0,0,0,3,0,3,0
0,0,2,0,0,0,3,0,3,0
0,0,2,0,0,0,3,0,3,0
0,0,2,0,0,0,3,0,3,0
0,0,2,0,0,0,3,0,3,0
0,0,2,0,0,0,3,0,3,0
0,0,2,0,0,0,3,0,3,0
0,2,0,0,0,0,3,0,3,0
0,2,0,0,0,0,3,0,3,0
0,2,0,0,0,0,3,0,3,0
0,2,0,0,0,0,3,0,3,0
0,0,0,0,0,0,3,0,3,0
0,0,0,0,0,0,3,0,3,0
0,0,0,0,0,0,3,0,3,0
0,0,3,0,0,0,3,0,3,0
0,0,3,0,0,0,3,0,3,0
0,0,3,0,0,0,3,0,3,0
0,0,3,0,0,0,3,0,3,0
0,0,3,0,0,0,3,0,3,0
0,0,3,0,0,0,3,0,3,0
0,0,3,0,0,0,3,0,3,0
0,0,3,0,0,0,3,0,3,0
0,0,3,0,0,0,3,0,3,0
0,0,3,0,0,0,3,0,4,0
0,0,3,0,0,0,3,0,4,0
0,0,3,0,0,0,3,0,4,0
0,0,3,0,0,0,3,0,4,0
0,0,3,0,0,0,3,0,4,0
0,0,3,0,0,0,3,0,4,0
0,0,3,0,0,0,3,0,4,0
0,0,3,0,0,0,3,0,4,0
0,0,3,0,0,0,4,0,4,0
0,0,3,0,0,0,4,0,4,0
0,0,3,0,0,0,4,0,4,0
0,0,3,0,0,0,4,0,4,0
0,0,3,0,0,0,4,0,4,0
0,0,3,0,0,0,4,0,4,0
0,0,3,0,0,0,4,0,4,0
0,0,3,0,0,0,4,0,4,0
0,0,3,0,0,0,4,0,4,0
0,0,3,0,0,0,4,0,4,0
0,0,3,0,0,0,4,0,4,0
0,0,3,0,0,0,4,0,4,0
0,0,3,0,0,0,4,0,4,0
0,0,3,0,0,0,4,0,4,0
0,0,3,0,0,0,4,0,4,0
0,0,3,0,0,0,4,0,4,0
0,0,3,0,0,0,4,0,4,0
0,0,3,0,0,0,4,0,4,0
0,0,3,0,0,0,4,0,4,0
0,0,3,0,0,0,4,0,4,0
0,0,3,0,0,0,4,0,4,0
0,0,3,0,0,0,4,0,4,0
0,0,3,0,0,0,4,0,4,0
0,0,3,0,0,0,4,0,4,0
0,0,3,0,0,0,4,0,4,0
0,0,3,0,0,0,4,0,4,0
0,0,3,0,0,0,4,0,4,0
0,0,3,0,0,0,4,0,4,0
0,0,3,0,0,0,4,0,4,0
0,0,3,0,0,0,4,0,4,0
0,0,3,0,0,0,4,0,4,0
0,0,3,0,0,0,4,0,4,0
0,3,3,0,0,0,4,0,4,0
0,3,3,0,0,0,4,0,4,0
0,3,3,0,0,0,4,0,4,0
0,3,3,0,0,0,4,0,4,0
0,3,3,0,0,0,4,0,4,0
0,3,3,0,0,0,4,0,4,0
0,3,3,0,0,0,4,0,4,0
0,3,3,0,0,0,4,0,4,0
3,3,0,0,0,0,4,0,4,0
3,3,0,0,0,0,4,0,4,0
3,3,0,0,0,0,4,0,4,0
3,3,0,0,0,0,4,0,4,0
3,3,0,0,0,0,4,0,4,0
3,3,0,0,0,0,4,0,4,0
3,3,0,0,0,0,4,0,4,0
0,3,0,0,0,0,4,0,4,0
0,3,0,0,0,0,5,0,4,0
0,3,0,0,0,0,5,0,4,0
0,3,0,0,0,0,5,0,4,0
0,3,0,0,0,0,5,0,4,0
0,3,0,0,0,0,5,0,4,0
0,3,0,0,0,0,5,0,4,0
0,3,0,0,0,0,5,0,4,0
0,3,0,0,0,0,5,0,5,0
0,3,0,0,0,0,5,0,5,0
0,3,0,0,0,0,5,0,5,0
0,3,0,0,0,0,5,0,5,0
0,3,0,0,0,0,5,0,5,0
0,3,0,0,0,0,5,0,5,0
0,4,0,0,0,0,5,0,5,0
4,4,0,0,0,0,5,0,5,0
4,4,0,0,0,0,5,0,5,0
4,4,0,0,0,0,5,0,5,0
4,4,0,0,0,0,5,0,5,0
5,4,0,0,0,0,5,0,5,0
5,4,0,0,0,0,5,0,5,0
5,4,0,0,0,0,5,0,5,0
5,4,0,0,0,0,5,0,5,0
5,4,0,0,0,0,5,0,5,0
5,4,0,0,0,0,5,0,5,0
5,4,0,0,0,0,5,0,5,0
5,4,0,0,0,0,5,0,5,0
5,4,0,0,0,0,5,0,5,0
5,4,0,0,0,0,5,0,5,0
5,4,0,0,0,0,5,0,5,0
5,4,0,0,0,0,5,0,5,0
5,4,0,0,0,0,5,0,5,0
5,4,0,0,0,0,5,0,6,0
5,4,0,0,0,0,5,0,6,0
5,4,0,0,0,0,5,0,6,0
5,4,0,0,0,0,5,0,6,0
5,4,0,0,0,0,5,0,6,0
5,4,4,0,0,0,5,0,6,0
5,4,4,0,0,0,5,0,6,0
5,4,4,0,0,0,5,0,6,0
5,4,4,0,0,0,5,0,6,0
5,4,4,0,0,0,5,0,6,0
5,4,4,0,0,0,5,0,6,0
6,4,4,0,0,0,5,0,6,0
6,4,4,0,0,0,5,0,6,0
6,4,4,0,0,0,5,0,6,0
6,4,4,0,0,0,5,0,7,0
6,4,4,0,0,0,5,0,7,0
6,4,4,0,0,0,5,0,7,0
7,4,4,0,0,0,5,0,7,0
7,4,4,0,0,0,5,0,7,0
7,4,4,0,0,0,5,0,7,0
7,4,4,0,0,0,5,0,7,0
7,4,4,0,0,0,5,0,7,0
7,5,4,0,0,0,5,0,7,0
8,5,4,0,0,0,5,0,7,0
8,5,4,0,0,0,5,0,7,0
8,5,4,0,0,0,5,0,7,0
9,5,4,0,0,0,5,0,7,0
10,5,4,0,0,0,5,0,7,0
10,5,4,0,0,0,5,0,7,0
10,5,4,0,0,0,5,0,7,0
11,5,4,0,0,0,5,0,7,0
11,5,4,0,0,0,5,0,7,0
11,5,4,0,0,0,5,0,7,0
11,5,4,0,0,0,5,0,7,0
11,5,4,0,0,0,5,0,7,0
11,5,4,0,0,0,5,0,7,0
12,5,4,0,0,0,5,0,7,0
12,5,4,0,0,0,5,0,7,0
13,6,4,0,0,0,5,0,7,0
13,6,4,0,0,0,5,0,7,0
13,6,4,0,0,0,5,0,7,0
14,6,4,0,0,0,5,0,7,0
14,6,4,0,0,0,5,0,7,0
14,6,4,0,0,0,5,0,7,0
15,6,4,0,0,0,5,0,7,0
15,6,4,0,0,0,5,0,7,0
15,6,4,0,0,0,5,0,7,0
15,6,4,0,0,0,5,0,7,0
15,6,4,0,0,0,5,0,7,0
15,6,4,0,0,0,5,0,7,0
16,6,4,0,0,0,5,0,7,0
17,6,4,0,0,0,5,0,7,0
17,6,4,0,0,0,5,0,7,0
17,6,4,0,0,0,5,0,7,0
17,6,4,0,0,0,5,0,7,0
17,6,4,0,0,0,5,0,7,0
17,6,4,0,0,0,5,0,7,0
17,6,4,0,0,0,5,0,7,0
18,6,4,0,0,0,5,0,7,0
18,6,4,0,0,0,5,0,7,0
19,6,4,0,0,0,5,0,7,0
19,6,4,0,0,0,5,0,7,0
20,6,4,0,0,0,5,0,7,0
20,6,4,0,0,0,5,0,7,0
21,6,4,0,0,0,5,0,7,0
21,6,4,0,0,0,5,0,7,0
21,6,4,0,0,0,5,0,7,0
21,6,4,0,0,0,5,0,7,0
21,6,4,0,0,0,5,0,7,0
21,6,4,0,0,0,5,0,7,0
21,6,4,0,0,0,5,0,7,0
21,6,4,0,0,0,5,0,7,0
21,6,4,0,0,0,5,0,7,0
22,6,4,0,0,0,5,0,7,0
22,6,4,0,0,0,5,0,7,0
22,6,4,0,0,0,5,0,7,0
22,6,4,0,0,0,5,0,7,0
23,6,4,0,0,0,5,0,7,0
23,7,4,0,0,0,5,0,7,0
23,7,4,0,0,0,5,0,7,0
24,7,4,0,0,0,5,0,7,0
24,7,4,0,0,0,5,0,7,0
24,7,4,0,0,0,5,0,7,0
24,7,4,0,0,0,5,0,7,0
24,7,5,0,0,0,5,0,7,0
24,7,5,0,0,0,5,0,7,0
24,7,5,0,0,0,5,0,7,0
25,7,5,0,0,0,5,0,7,0
25,7,5,0,0,0,5,0,7,0
25,7,5,0,0,0,5,0,7,0
25,7,5,0,0,0,5,0,7,0
25,7,5,0,0,0,5,0,7,0
26,7,5,0,0,0,5,0,7,0
26,8,5,0,0,0,5,0,7,0
26,8,5,0,0,0,5,0,8,0
26,8,5,0,0,0,5,0,8,0
27,8,5,0,0,0,5,0,8,0
27,8,5,0,0,0,5,0,8,0
27,8,5,0,0,0,5,0,8,0
27,8,5,0,0,0,5,0,8,0
27,8,5,0,0,0,5,0,8,0
27,8,5,0,0,0,5,0,8,0
27,8,5,0,0,0,5,0,8,0
27,8,5,0,0,0,5,0,8,0
27,8,5,0,0,0,5,0,8,0
27,8,5,0,0,0,5,0,8,0
27,9,5,0,0,0,5,0,8,0
27,9,5,0,0,0,5,0,8,0
27,9,5,0,0,0,5,0,8,0
27,9,5,0,0,0,5,0,8,0
27,9,5,0,0,0,5,0,8,0
27,9,5,0,0,0,5,0,8,0
27,9,5,0,0,0,5,0,8,0
27,9,5,0,0,0,5,0,8,0
27,9,5,0,0,0,5,0,8,0
27,10,5,0,0,0,5,0,8,0
27,10,5,0,0,0,5,0,8,0
27,10,5,0,0,0,5,0,8,0
27,11,5,0,0,0,5,0,8,0
27,11,5,0,0,0,5,0,8,0
27,11,5,0,0,0,5,0,8,0
27,11,5,0,0,0,5,0,8,0
27,11,5,0,0,0,5,0,8,0
27,11,5,0,0,0,5,0,8,0
27,11,5,0,0,0,5,0,8,0
27,11,5,0,0,0,5,0,8,0
27,12,5,0,0,0,5,0,8,0
27,12,5,0,0,0,5,0,8,0
27,12,5,0,0,0,5,0,8,0
28,12,5,0,0,0,5,0,8,0
29,12,5,0,0,0,5,0,8,0
29,13,5,0,0,0,5,0,8,0
29,13,5,0,0,0,5,0,8,0
30,13,5,0,0,0,5,0,8,0
30,14,5,0,0,0,5,0,8,0
30,14,5,0,5,0,5,0,8,0
30,14,5,0,5,0,5,0,8,0
30,14,5,0,5,0,5,0,8,0
30,14,5,0,5,0,5,0,8,0
30,14,5,0,5,0,5,0,8,0
30,14,5,0,5,0,5,0,8,0
30,15,5,0,5,0,5,0,8,0
30,15,5,0,5,0,5,0,8,0
30,15,5,0,5,0,5,0,8,0
30,15,5,0,5,0,5,0,8,0
30,15,5,0,6,0,5,0,8,0
30,15,5,0,6,0,5,0,8,0
30,15,5,0,6,0,5,0,8,0
30,15,5,0,6,0,5,0,8,0
30,15,5,0,6,0,5,0,8,0
31,15,5,0,6,0,5,0,8,0
31,15,5,0,6,0,5,0,8,0
32,15,5,0,6,0,5,0,8,0
33,15,5,0,6,0,5,0,8,0
34,15,5,0,6,0,5,0,8,0
34,15,5,0,6,0,5,0,8,0
34,15,5,0,6,0,5,0,8,0
34,16,5,0,6,0,5,0,8,0
34,17,5,0,6,0,5,0,8,0
34,17,5,0,6,0,5,0,8,0
34,17,5,0,6,0,5,0,8,0
34,17,5,0,6,0,5,0,8,0
35,17,5,0,6,0,5,0,8,0
35,17,5,0,6,0,5,0,9,0
35,17,5,0,7,0,5,0,9,0
35,17,5,0,7,0,5,0,9,0
35,17,5,0,7,0,5,0,9,0
35,17,5,0,7,0,5,0,9,0
35,17,5,0,7,0,5,0,9,0
35,18,5,0,7,0,5,0,9,0
35,18,5,0,7,0,5,0,9,0
35,18,5,0,7,0,5,0,9,0
35,18,5,0,7,0,5,0,9,0
35,18,5,0,7,0,5,0,9,0
35,18,5,0,7,0,5,0,9,0
35,19,5,0,7,0,5,0,9,0
35,19,5,0,7,0,5,0,9,0
35,19,5,0,7,0,5,0,9,0
35,19,5,0,7,0,5,0,9,0
35,19,5,0,7,0,5,0,9,0
35,19,5,0,7,0,5,0,9,0
36,19,5,0,7,0,5,0,9,0
36,19,5,0,7,0,5,0,9,0
36,19,5,5,7,0,5,0,9,0
36,19,5,5,7,0,5,0,9,0
36,19,5,5,7,0,5,0,9,0
36,20,5,5,7,0,5,0,9,0
36,21,5,5,7,0,5,0,9,0
36,21,5,5,7,0,5,0,9,0
36,21,5,5,7,0,5,0,9,0
36,21,5,5,7,0,5,0,9,0
36,21,5,5,7,0,5,0,9,0
36,21,5,5,7,0,5,0,9,0
36,21,5,5,8,0,5,0,9,0
36,21,5,5,8,0,6,0,9,0
36,21,5,5,8,0,6,0,9,0
36,21,5,0,8,0,6,0,9,0
36,21,5,0,8,0,6,0,9,0
36,21,5,0,8,0,6,0,9,0
36,21,5,0,8,0,6,0,9,0
36,22,5,0,8,0,6,0,9,0
36,22,5,0,8,0,6,0,9,0
36,22,5,0,8,0,6,0,9,0
36,23,5,0,8,0,6,0,9,0
36,23,5,0,8,0,6,0,9,0
36,23,5,0,8,0,6,0,9,0
36,23,5,0,8,0,6,0,9,0
36,23,5,0,8,0,6,0,9,0
36,23,5,0,8,0,6,0,9,0
36,23,5,0,8,0,6,0,9,0
36,23,5,0,8,0,6,0,9,0
36,23,6,0,8,0,6,0,9,0
36,23,6,0,8,0,6,0,9,0
36,23,6,0,8,0,6,0,9,0
36,23,6,0,8,0,6,0,9,0
36,23,6,0,8,0,6,0,9,0
36,23,6,0,8,0,6,0,9,0
36,23,6,0,9,0,6,0,9,0
36,23,6,0,9,0,6,0,9,0
36,23,6,0,9,0,6,0,9,0
36,23,6,0,9,0,6,0,9,0
36,23,6,0,9,0,6,0,9,0
36,23,6,0,9,0,6,0,9,0
36,23,6,0,9,0,6,0,9,0
36,23,6,0,9,0,6,0,9,0
36,23,6,0,10,0,6,0,9,0
36,23,6,0,10,0,6,0,9,0
36,23,6,0,10,0,6,0,9,0
36,23,6,0,10,0,6,0,9,0
37,23,6,0,10,0,6,0,9,0
37,23,6,0,10,0,6,0,9,0
37,23,6,0,10,0,6,0,9,0
37,23,6,0,10,0,6,0,9,0
37,24,6,0,10,0,6,0,9,0
37,24,6,0,10,0,6,0,9,0
37,24,6,0,10,0,6,0,9,0
37,25,6,0,10,0,6,0,9,0
37,25,6,0,10,0,6,0,9,0
37,25,6,0,10,0,6,0,9,0
37,25,6,0,10,0,6,0,9,0
37,25,6,0,10,0,6,0,9,0
37,26,6,0,10,0,6,0,9,0
37,26,7,0,10,0,6,0,9,0
37,26,7,0,10,0,6,0,9,0
37,26,7,0,10,0,6,0,9,0
37,26,7,0,10,0,6,0,9,0
37,26,7,0,11,0,6,0,9,0
38,26,7,0,11,0,6,0,9,0
38,26,7,0,11,0,6,0,9,0
38,26,7,0,11,0,6,0,9,0
38,26,7,0,11,0,6,0,9,0
38,26,7,0,11,0,6,0,9,0
38,26,7,0,11,0,6,0,9,0
38,26,7,6,11,0,6,0,9,0
38,26,7,6,11,0,6,0,9,0
38,26,7,6,11,0,6,0,9,0
38,27,7,6,11,0,6,0,9,0
38,27,7,6,11,0,6,0,9,0
39,27,7,6,11,0,6,0,9,0
39,27,7,6,11,0,6,0,9,0
39,27,7,6,11,0,6,0,9,0
39,27,7,6,11,0,6,0,9,0
39,27,7,6,11,0,6,0,9,0
39,27,7,6,11,0,6,0,9,0
39,28,7,6,11,0,6,0,9,0
39,28,7,6,11,0,6,0,9,0
39,28,7,6,11,0,6,0,9,0
39,28,7,6,11,0,6,0,9,0
39,29,7,6,11,0,6,0,9,0
40,29,7,6,11,0,6,0,9,0
40,29,7,6,11,0,6,0,9,0
40,29,7,6,11,0,6,0,9,0
40,29,7,7,11,0,6,0,9,0
40,29,7,7,11,0,6,0,9,0
40,29,7,7,11,0,6,0,9,0
40,29,7,7,11,0,6,0,9,0
40,29,7,7,11,0,6,0,9,0
40,29,7,7,11,0,6,0,9,0
40,29,7,7,12,0,6,0,9,0
40,29,7,7,12,0,6,0,9,0
40,30,7,7,12,0,6,0,9,0
40,30,7,7,12,0,6,0,9,0
40,30,7,7,12,0,6,0,9,0
40,30,7,7,12,0,6,0,9,0
40,30,7,7,12,0,6,0,9,0
40,30,7,7,12,0,6,0,9,0
40,30,7,7,12,0,6,0,9,0
40,31,7,7,12,0,6,0,9,0
40,31,7,7,13,0,6,0,9,0
40,31,7,7,13,0,6,0,9,0
40,32,7,7,13,0,6,0,9,0
40,32,7,7,13,0,6,0,9,0
40,32,7,7,13,0,6,0,9,0
40,32,7,7,13,0,6,0,9,0
40,32,7,7,13,0,6,0,9,0
40,32,7,7,13,0,6,0,9,0
40,32,7,7,13,0,6,0,9,0
40,32,7,8,13,0,6,0,9,0
40,32,7,8,13,0,6,0,9,0
40,32,7,8,13,0,6,0,9,0
40,32,7,8,13,0,6,0,9,0
40,32,7,8,13,0,6,0,9,0
40,32,7,9,13,0,6,0,9,0
40,32,7,9,13,0,6,0,9,0
40,32,7,9,13,0,6,0,9,0
41,32,7,9,13,0,6,0,9,0
41,32,7,10,13,0,6,0,9,0
41,32,7,10,13,0,6,0,9,0
41,32,7,10,13,0,6,0,9,0
41,32,7,10,13,0,6,0,9,0
41,33,7,10,13,0,6,0,9,0
41,33,7,10,13,0,6,0,9,0
41,33,7,10,14,0,6,0,9,0
41,33,7,10,14,0,6,0,9,0
41,33,7,10,14,0,6,0,9,0
41,33,7,10,14,0,6,0,9,0
41,33,7,10,14,0,6,0,9,0
41,33,7,10,14,0,6,0,9,0
41,33,7,10,14,0,6,0,9,0
41,33,7,10,14,0,6,0,9,0
41,33,7,10,14,0,6,0,9,0
41,33,7,10,14,0,6,0,9,0
41,33,7,10,14,0,6,0,9,0
41,33,7,10,14,0,6,0,9,0
41,33,7,10,14,0,6,0,9,0
41,33,7,10,14,0,6,0,9,0
41,33,7,10,14,0,6,0,9,0
41,33,7,10,14,0,6,0,9,0
41,33,7,10,14,0,6,0,9,0
41,33,7,10,14,0,6,0,9,0
41,33,7,10,14,0,6,0,9,0
41,33,7,10,14,0,6,0,9,0
41,33,7,10,14,0,6,0,9,0
41,33,7,10,14,0,6,0,9,0
41,33,7,10,14,0,6,0,9,0
41,33,7,10,14,0,6,0,9,0
41,33,7,10,14,0,6,0,9,0
41,33,7,10,14,0,6,0,9,0
41,33,7,10,14,0,6,0,9,0
41,33,7,10,14,0,6,0,9,0
41,33,7,10,14,0,6,0,9,0
41,34,7,10,14,0,6,0,9,0
41,34,7,10,14,0,6,0,9,0
41,34,7,10,14,0,6,0,9,0
41,34,7,10,14,0,6,0,9,0
41,34,7,10,14,0,6,0,9,0
41,34,7,10,14,0,6,0,9,0
41,34,7,10,15,0,6,0,9,0
41,34,7,10,15,0,6,0,9,0
41,34,7,10,15,0,6,0,9,0
41,34,7,10,15,0,6,0,9,0
41,34,7,10,15,0,6,0,9,0
41,34,7,10,15,0,6,0,9,0
41,34,7,10,15,0,6,0,9,0
41,34,7,10,16,0,6,0,9,0
41,34,7,10,16,0,6,0,9,0
41,34,7,10,16,0,6,0,9,0
41,34,7,10,16,0,6,0,9,0
41,34,7,10,16,0,6,0,9,0
41,34,7,10,16,0,6,0,9,0
41,34,7,10,16,0,6,0,9,0
41,34,7,10,16,0,6,0,9,0
41,34,7,10,16,0,6,0,9,0
41,34,7,10,16,0,6,0,9,0
41,34,7,10,16,0,6,0,9,0
41,34,7,10,16,0,6,0,9,0
41,34,7,10,16,0,6,0,9,0
41,34,7,10,16,0,7,0,9,0
41,35,7,10,16,0,7,0,9,0
41,35,7,11,16,0,7,0,9,0
41,35,7,11,16,0,7,0,9,0
41,35,7,11,16,0,7,0,9,0
41,35,7,11,16,0,7,0,9,0
41,35,7,11,16,0,7,0,9,0
41,35,7,11,16,0,7,0,9,0
41,35,7,11,16,0,7,0,9,0
41,35,7,11,16,0,7,0,9,0
41,35,7,11,16,0,7,0,9,0
41,35,7,11,16,0,7,0,9,0
41,35,7,11,16,0,7,0,9,0
41,35,7,11,16,0,7,0,9,0
41,35,7,12,16,0,7,0,9,0
41,35,7,12,16,0,7,0,10,0
41,35,7,13,16,0,7,0,10,0
41,35,7,13,16,0,7,0,10,0
41,35,8,13,16,0,7,0,10,0
41,35,9,13,16,0,7,0,10,0
41,35,9,13,16,0,7,0,10,0
41,35,9,13,16,0,7,0,10,0
41,35,9,13,16,0,7,0,10,0
41,35,9,13,16,0,7,0,10,0
41,35,10,13,16,0,7,0,10,0
41,35,10,13,16,0,7,0,10,0
41,35,10,13,16,0,7,0,10,0
41,35,10,13,16,0,7,0,10,0
41,35,10,13,16,0,7,0,10,0
41,35,10,13,16,0,7,0,10,0
41,35,10,13,16,0,7,0,10,0
41,35,10,13,16,0,7,0,10,0
41,35,10,13,16,0,7,0,10,0
41,35,10,13,16,0,7,0,10,0
41,35,10,13,16,0,7,0,10,0
41,35,10,13,16,0,7,0,10,0
41,35,10,13,16,0,7,0,10,0
41,35,10,13,16,0,7,0,10,0
41,35,10,13,16,0,7,0,10,0
41,35,10,14,16,0,7,0,10,0
41,35,10,14,16,0,7,0,10,0
41,35,10,14,16,0,7,0,10,0
41,35,10,14,16,0,7,0,10,0
41,35,11,14,16,0,7,0,10,0
41,35,11,14,16,0,7,0,10,0
41,36,11,14,16,0,7,0,10,0
41,36,12,14,16,0,7,0,10,0
41,36,12,14,16,0,7,0,10,0
41,36,12,14,16,0,7,0,10,0
41,36,12,14,16,0,7,0,10,0
41,36,12,15,16,0,7,0,10,0
41,36,12,15,16,0,7,0,10,0
41,36,12,15,16,0,7,0,10,0
41,36,12,15,16,0,7,0,10,0
41,36,12,15,16,0,7,0,10,0
41,36,12,15,16,0,7,0,10,0
41,36,12,15,16,0,7,0,10,0
41,36,12,15,16,0,7,0,10,0
41,36,12,15,16,0,7,0,10,0
41,36,12,15,16,0,7,0,10,0
41,36,12,15,16,0,7,0,10,0
41,36,12,15,16,0,7,0,10,0
41,36,12,15,16,0,7,0,10,0
41,36,13,15,16,0,7,0,10,0
41,36,13,15,16,0,8,0,10,0
41,36,13,15,16,0,8,0,10,0
41,36,13,15,16,0,8,0,10,0
41,36,13,15,16,0,8,0,10,0
41,36,14,15,16,0,8,0,10,0
41,36,14,15,16,0,8,0,10,0
41,36,14,15,16,0,8,0,10,0
41,36,14,15,16,0,8,0,10,0
41,36,14,15,16,0,8,0,10,0
41,36,14,15,16,0,8,0,10,0
41,36,14,15,16,0,8,0,10,0
41,36,14,15,16,0,8,0,10,0
41,36,14,15,16,0,8,0,10,0
41,36,14,15,16,0,8,0,10,0
41,36,14,15,16,0,8,0,10,0
41,36,14,15,16,0,8,0,10,0
41,36,14,15,16,0,8,0,10,0
41,36,14,15,16,0,8,0,10,0
41,36,14,15,16,0,8,0,10,0
41,36,14,15,16,0,8,0,10,0
41,36,14,15,16,0,8,0,10,0
41,36,14,15,16,0,8,0,10,0
41,36,14,15,16,0,8,0,10,0
41,36,14,15,16,0,8,0,10,0
41,36,14,15,16,0,8,0,10,0
41,36,14,15,16,0,8,0,10,0
41,36,14,15,16,0,8,0,10,0
41,36,14,15,16,0,8,0,10,0
41,36,14,15,16,0,8,0,10,0
41,36,14,15,16,0,8,0,10,0
41,36,14,15,17,0,8,0,10,0
41,36,14,15,17,0,8,0,10,0
41,36,14,15,17,0,8,0,10,0
41,36,14,15,17,0,8,0,10,0
41,36,15,15,17,0,8,0,10,0
41,36,15,15,17,0,8,0,10,0
41,36,15,15,17,0,8,0,10,0
41,36,15,15,17,0,8,0,10,0
41,36,15,15,17,0,8,0,10,0
41,36,15,15,17,0,8,0,10,0
41,36,15,15,17,0,8,0,10,0
41,36,15,15,18,0,8,0,10,0
41,36,15,15,18,0,8,0,10,0
41,36,15,15,18,0,8,0,10,0
41,36,15,15,18,0,8,0,10,0
41,37,15,15,18,0,8,0,10,0
41,37,15,15,18,0,8,0,10,0
41,37,15,15,18,0,8,0,10,0
41,37,15,16,18,0,8,0,10,0
41,37,15,16,18,0,8,0,10,0
41,37,15,16,18,0,8,0,10,0
41,37,15,16,18,0,8,0,10,0
41,37,15,16,18,0,8,0,10,0
41,37,15,16,18,0,8,0,10,0
41,37,15,16,18,0,8,0,10,0
41,37,15,16,18,0,8,0,10,0
41,37,15,16,18,0,8,0,10,0
41,37,15,16,18,0,8,0,10,0
41,37,15,16,18,0,8,0,10,0
41,37,15,16,18,0,8,0,10,0
41,37,15,16,18,0,8,0,10,0
41,37,15,16,18,0,8,0,10,0
41,37,15,16,18,0,8,0,10,0
41,37,15,16,19,0,8,0,10,0
41,37,16,16,19,0,8,0,10,0
41,37,16,16,19,0,8,0,10,0
41,37,16,16,19,0,8,0,10,0
41,37,16,16,19,0,8,0,10,0
41,37,16,16,19,0,9,0,10,0
41,37,16,16,19,0,9,0,10,0
41,37,16,16,19,0,9,0,10,0
41,37,16,16,19,0,9,0,10,0
41,37,16,16,19,0,9,0,10,0
41,37,16,16,19,0,9,0,10,0
41,37,16,16,19,0,9,0,10,0
41,37,16,16,19,0,9,0,10,0
41,37,16,16,19,0,9,0,10,0
41,37,16,16,19,0,9,0,10,0
41,37,16,16,19,0,9,0,10,0
41,37,16,16,19,0,9,0,10,0
41,37,16,16,19,0,9,0,10,0
41,37,16,16,19,0,9,0,10,0
41,37,16,16,19,0,9,0,10,0
41,37,16,16,19,0,9,0,10,0
41,37,16,16,19,0,9,0,10,0
41,37,16,16,19,0,9,0,10,0
41,37,16,16,19,0,9,0,10,0
41,37,16,16,19,0,9,0,10,0
41,37,17,16,19,0,9,0,10,0
41,37,17,16,19,0,9,0,10,0
41,37,17,16,19,0,9,0,10,0
41,37,17,16,19,0,9,0,10,0
41,37,17,16,19,0,10,0,10,0
41,37,17,16,19,0,10,0,10,0
41,37,17,16,19,0,10,0,10,0
41,37,17,16,19,0,10,0,10,0
41,37,17,16,19,0,10,0,10,0
41,37,17,16,19,0,10,0,10,0
41,37,18,16,19,0,10,0,10,0
42,37,18,16,19,0,10,0,10,0
42,37,18,16,19,0,10,0,10,0
42,37,18,16,19,0,10,0,10,0
42,37,18,16,19,0,10,0,10,0
42,37,18,16,19,0,10,0,10,0
42,37,18,16,19,0,10,0,10,0
42,37,18,16,19,0,10,0,10,0
42,37,18,16,19,0,10,0,10,0
42,37,18,16,19,0,10,0,10,0
42,37,18,16,19,0,10,0,10,0
42,37,18,16,19,0,10,0,10,0
42,37,19,16,19,0,10,0,10,0
42,37,19,16,20,0,10,0,10,0
42,37,19,16,20,0,10,0,10,0
42,37,19,16,20,0,10,0,10,0
42,37,19,16,20,0,10,0,10,0
42,37,19,16,20,0,10,0,10,0
42,37,19,16,20,0,10,0,10,0
42,37,20,16,20,0,10,0,10,0
42,37,20,16,20,0,10,0,10,0
42,37,20,16,20,0,10,0,10,0
42,37,20,16,20,0,10,0,10,0
42,37,20,16,20,0,10,0,10,0
42,37,20,16,20,0,10,0,10,0
42,37,20,16,20,0,10,0,10,0
42,37,20,16,20,0,10,0,10,0
42,37,20,16,20,0,10,0,10,0
42,37,20,16,20,0,10,0,10,0
42,37,21,16,20,0,10,0,10,0
42,37,21,16,20,0,10,0,10,0
42,37,21,16,20,0,10,0,10,0
42,37,21,16,20,0,10,0,10,0
42,37,21,16,20,0,10,0,10,0
42,37,21,16,20,0,10,0,10,0
42,37,22,16,20,0,10,0,10,0
42,37,22,16,20,0,10,0,10,0
42,37,22,16,20,0,10,0,10,0
42,37,22,16,20,0,10,0,10,0
42,37,22,16,20,0,10,0,10,9
42,37,22,16,20,0,10,0,10,9
42,37,22,16,20,0,10,0,10,9
42,37,22,16,20,0,10,0,10,9
42,37,22,16,20,0,10,0,10,9
42,37,22,16,20,0,10,0,10,9
42,37,22,16,20,0,10,0,10,9
42,37,22,16,20,0,10,0,10,9
42,37,22,16,20,0,10,0,10,9
42,37,22,16,20,0,10,0,10,9
42,37,22,16,20,0,10,0,10,9
42,37,22,16,20,0,10,0,10,9
42,37,22,16,20,0,10,0,10,9
42,37,22,16,20,0,10,0,10,9
42,37,22,16,20,0,10,0,10,9
42,37,22,16,20,0,10,0,10,9
42,37,22,16,20,0,11,0,10,9
42,37,22,16,20,0,11,0,10,9
42,37,22,16,20,0,11,0,10,9
42,37,22,16,20,0,11,0,10,9
42,37,22,16,20,0,11,0,10,9
42,37,22,16,20,0,11,0,10,9
42,37,22,16,20,0,11,0,10,9
42,37,22,16,20,0,11,0,10,9
42,37,22,16,20,0,11,0,10,9
42,37,22,17,20,0,11,0,10,9
42,37,22,17,20,0,11,0,10,9
42,37,22,17,20,0,11,0,10,9
42,37,22,17,20,9,11,0,10,0
42,37,22,17,20,9,11,0,10,0
42,37,22,17,20,9,11,0,10,0
42,37,22,17,20,9,11,0,10,0
42,37,22,17,20,9,11,0,10,0
42,37,22,17,20,9,11,0,10,0
42,37,22,17,20,9,11,0,10,0
42,37,22,17,20,9,11,0,10,0
42,37,22,17,20,9,11,0,10,0
42,37,22,17,20,9,11,0,10,0
42,37,22,17,20,9,11,0,10,0
42,37,22,17,20,9,11,0,10,0
42,37,22,17,20,9,11,0,10,0
42,37,22,17,20,9,11,0,10,0
42,37,22,17,20,9,11,0,10,0
42,37,22,17,20,9,11,0,10,0
42,37,22,17,20,9,11,0,10,0
42,37,22,17,20,9,11,0,10,0
42,37,22,17,20,9,11,0,10,0
42,37,22,17,20,9,11,0,10,0
42,37,22,17,20,9,11,0,10,0
42,37,22,17,20,9,11,0,10,0
42,37,22,17,20,9,11,0,10,0
42,37,22,17,20,9,11,0,10,0
42,37,22,17,20,9,11,0,10,0
42,37,22,18,20,9,11,0,10,0
42,37,22,18,20,9,11,0,10,0
42,37,22,18,20,9,11,0,10,0
42,37,22,18,20,9,11,0,10,0
42,37,22,18,20,9,11,0,10,0
42,37,22,18,20,9,11,0,10,0
42,37,22,18,20,9,11,0,10,0
42,37,22,18,20,9,11,0,10,0
42,37,22,18,20,9,11,0,10,0
42,37,22,18,20,9,12,0,10,0
42,37,22,18,20,10,12,0,10,0
42,37,22,18,20,10,12,0,10,0
42,37,22,18,20,10,12,0,10,0
42,37,22,18,20,10,12,0,10,0
42,37,22,18,20,10,12,0,10,0
42,37,22,18,20,10,12,0,10,0
42,37,22,18,20,10,12,0,10,0
42,37,22,18,20,10,12,0,10,0
42,37,22,18,20,10,12,0,10,0
42,37,22,18,20,10,12,0,10,0
42,37,22,18,20,10,12,0,10,0
42,37,22,18,20,10,12,0,10,0
42,37,22,18,20,10,12,0,10,0
42,37,22,18,20,10,12,0,10,0
42,37,22,18,20,10,12,0,10,10
42,37,22,18,20,10,12,0,10,10
42,37,22,18,20,10,12,0,10,10
42,37,22,18,20,10,12,0,10,11
42,37,22,18,20,10,12,0,10,11
42,37,22,18,20,10,12,0,10,11
42,37,22,18,20,10,12,0,10,11
42,37,22,18,20,10,12,0,10,11
42,37,22,18,20,11,12,0,10,11
42,37,22,18,20,11,12,0,10,11
42,37,22,18,20,11,12,0,10,11
42,37,22,18,20,11,12,0,10,11
42,37,22,18,20,11,12,0,10,11
42,37,22,18,20,11,12,0,10,11
42,37,22,18,20,11,12,0,10,11
42,37,22,18,20,11,12,0,10,11
42,37,22,18,20,12,12,0,10,11
42,37,22,18,20,12,12,0,10,11
42,37,22,18,20,12,12,0,10,11
42,37,22,18,20,12,12,0,10,11
42,37,22,18,20,12,12,0,10,11
42,37,22,18,20,12,12,0,10,11
42,37,22,18,20,12,12,0,10,11
42,37,22,18,20,12,12,0,10,11
42,37,22,18,20,12,12,0,10,11
42,37,22,18,20,12,12,0,10,11
42,37,22,18,20,12,12,0,10,11
42,37,22,18,20,12,12,0,10,11
42,37,22,18,20,12,12,0,10,11
42,37,22,18,20,12,12,0,10,11
42,37,22,18,20,12,12,0,10,11
42,37,22,18,20,12,12,0,10,11
42,37,22,18,20,12,12,0,10,11
42,37,22,18,20,12,12,0,10,11
42,37,22,18,20,12,12,0,10,11
42,37,22,18,20,12,12,0,10,11
42,37,22,19,20,12,12,0,10,11
42,37,22,19,20,12,12,0,10,11
42,37,22,19,20,12,12,0,10,11
42,37,22,19,20,12,12,0,10,11
42,37,22,19,20,12,12,0,10,11
42,37,22,19,20,12,12,0,10,11
42,37,22,19,20,12,12,0,10,11
42,37,22,19,20,12,12,0,10,11
42,37,22,19,20,12,12,0,10,11
42,37,22,19,20,12,12,0,10,11
42,37,22,19,20,12,12,0,10,11
42,37,22,19,20,12,12,0,10,11
42,37,22,19,20,12,12,0,10,11
42,37,22,19,20,12,12,0,10,11
42,37,22,19,20,12,12,0,10,11
42,37,22,19,20,12,12,0,10,11
42,37,23,19,20,12,12,0,10,11
42,37,23,19,20,12,12,0,10,11
42,37,23,19,20,12,12,0,10,11
42,37,23,19,20,12,12,0,10,11
42,37,23,19,20,12,12,0,10,11
42,37,23,19,20,12,12,0,10,11
42,37,23,19,20,12,12,0,10,11
42,37,23,19,20,12,13,0,10,11
43,37,23,19,20,12,13,0,10,11
43,37,23,19,20,12,13,0,10,11
43,37,23,19,20,12,13,0,10,11
43,37,23,19,20,12,13,0,10,11
43,37,23,19,20,12,13,0,10,11
43,37,23,19,20,12,13,0,10,11
43,37,23,19,20,12,13,0,10,11
43,37,23,19,20,12,13,0,10,11
43,37,23,19,20,12,13,0,10,11
43,37,23,19,20,12,13,0,10,11
43,37,23,19,20,12,13,0,10,11
43,37,23,19,20,12,13,0,10,11
43,37,23,19,20,12,13,0,10,11
43,37,23,19,20,12,13,0,10,11
43,37,23,19,20,12,13,10,10,11
43,37,23,19,20,12,13,10,10,11
43,37,23,19,20,12,13,10,10,11
43,37,23,19,20,12,13,10,10,11
43,37,23,19,20,12,13,10,10,11
43,37,23,19,20,12,13,10,10,11
43,37,23,19,20,12,13,10,10,11
43,37,23,19,20,12,13,10,10,11
43,37,23,19,20,12,13,10,10,11
43,37,23,19,20,12,13,10,10,11
43,37,23,19,20,12,13,10,10,11
43,37,23,19,20,12,13,10,10,11
43,37,23,19,20,12,13,10,10,11
43,37,23,19,20,12,13,10,10,11
43,37,23,19,20,12,13,10,10,11
43,37,23,19,20,12,13,10,10,11
43,37,23,20,20,12,13,10,10,11
43,37,23,20,20,12,13,10,10,11
43,37,23,20,20,12,13,10,10,11
43,37,23,20,20,12,13,10,10,11
43,37,23,20,20,12,13,10,10,11
43,37,23,20,20,12,13,10,10,11
43,37,23,20,20,12,13,10,10,11
43,37,23,20,20,12,13,10,10,11
43,37,23,20,20,12,13,10,10,11
43,37,23,20,20,13,13,10,10,11
43,37,23,20,20,13,13,10,10,11
43,37,23,20,20,13,13,10,10,11
43,37,23,20,20,13,13,10,10,11
43,37,23,20,20,13,13,10,10,11
43,37,23,20,20,13,13,10,10,11
43,37,23,20,20,13,13,10,10,11
43,37,23,20,20,13,13,11,10,11
43,37,23,20,20,14,13,11,10,11
43,37,23,20,20,14,13,11,10,11
43,37,23,20,20,14,13,11,10,11
43,37,23,20,20,14,13,11,10,11
43,37,23,20,20,14,13,11,10,11
43,37,23,20,20,14,13,11,10,11
43,37,23,20,20,14,13,11,10,11
43,37,23,20,20,14,13,11,10,11
43,37,23,20,20,14,13,11,10,11
43,37,23,20,20,14,13,11,10,11
43,37,23,20,20,14,13,11,10,11
43,37,23,20,20,14,13,11,10,11
43,37,23,20,20,14,13,11,10,11
43,37,23,20,20,14,13,11,10,11
43,37,23,20,20,14,13,11,10,11
43,37,23,20,20,14,13,11,10,11
43,37,23,20,20,14,13,11,10,11
43,37,23,20,20,14,13,11,10,11
43,37,23,20,20,14,13,11,10,11
43,37,23,20,20,14,13,11,10,11
43,37,23,20,20,14,13,11,10,11
43,37,23,20,20,14,13,11,10,11
43,37,23,20,20,14,13,11,10,11
43,37,23,20,20,14,13,11,10,11
43,37,23,20,20,14,13,11,10,11
43,37,23,20,20,14,13,11,10,11
43,37,23,20,20,14,13,11,11,11
43,37,23,20,20,14,13,11,11,11
43,37,23,20,20,14,13,11,11,11
43,37,23,20,20,14,13,11,11,11
43,37,23,20,20,14,13,11,11,11
43,37,23,20,20,14,13,11,11,11
43,37,23,20,20,14,13,11,11,11
43,37,23,20,20,14,13,12,11,11
43,37,23,20,20,14,13,12,11,11
43,37,23,20,20,14,13,12,11,11
43,37,23,20,20,14,13,12,11,11
